{"graph": {"_type": "graph-file", "path": "media/graph/graph_summary_3a9f7344c3f69f488a4f.graph.json", "sha256": "3a9f7344c3f69f488a4f638c6b54b87203e06f6bbb3a42e6ea9b21cfd9869482", "size": 2308}, "epoch": 999, "loss": 0.001714089186862111, "mse": 0.001714089186862111, "mae": 0.03108641318976879, "_runtime": 59, "_timestamp": 1637491444, "_step": 999, "_wandb": {"runtime": 60}}