{"graph": {"_type": "graph-file", "path": "media/graph/graph_summary_3a9f7344c3f69f488a4f.graph.json", "sha256": "3a9f7344c3f69f488a4f638c6b54b87203e06f6bbb3a42e6ea9b21cfd9869482", "size": 2308}, "epoch": 999, "loss": 0.0019997460767626762, "mse": 0.0019997460767626762, "mae": 0.032602861523628235, "_runtime": 59, "_timestamp": 1637491350, "_step": 999, "_wandb": {"runtime": 61}}